"order_id","place_name_NL","place_name_FR","description"
0,"Abdijstraat","rue de l’abbaye","van boulevard van het slachthuis tot boulevard van ’t kasteel."
1,"Abeelstraat","rue du tremble","v. brabantdam t. zakkebandstr."
2,"Abrahamstraat","r. d’Abraham","van groot gewat t. meersteeg."
3,"Abricotstr.","r. de l’abricot","v. brugschesteenw. t. groendreef."
4,"Academiestraat","rue de l’académie","van augustijnenkaai tot s. margueritestraat."
5,"Achtergaalstraat","r. du rossignol","van brugschesteenweg tot groendreef."
6,"Achterlei","quai de l'arrière-lys","v. slijpstr. t. huidevetterskaai."
7,"Ajuinlei",,"ziet kraanlei."
8,"Ajuinstraat","rue aux oignons (nu gesloten)","van oude ajuinlei tot onderbergen."
9,"Akkerstraat",,"ziet rasphuisstraat."
10,"Akkergemplaats","place d’akkerg.","v. bijlokevest t. akkergemv."
11,"Akkergemstraat","rue d’akkergem","van coupure, linker oever, tot akkergemvest."
12,"Akkergemvest","rempart d’akkergem","van akkergemplaats tot nieuwe wandeling."
13,"Ambeeldstraat","rue de l'enclume","v. weversstraat t. vossenstr."
14,"Ankerstraat","rue de l’ancre","v. nieuwland tot dok."
15,"Annonciadestraat","rue des annonciades","van violettenlei tot twaalfkamerstraat en papegaaistraat."
16,"Antheunisstraat","r. Antheunis","v. rapestr. t. vijfwindgatstr."
17,"Antwerpschestraat",,"ziet dampoortstraat."
18,"Antwerpsche steenweg, b. de dampoort","chaussée d'Anvers","van de dampoortbrug naar sint-Amandsberg."
19,"Apostelhuizen",,"ziet apostelstraat."
20,"Apostelstraat","r. des apôtres","van kelderstr. t. zakkebandstr."
21,"Apotheekstraat","rue de la pharmacie","van bijlokestraat tot nieuw hospitaalstraat."
22,"Appelbrugstr.","r. du pont aux pommes","v. koornlei t breidelst."
23,"Appelstraat","r. de la pomme","v. roigemstraat t. nettenstraat."
24,"Arnoldusstraat","rue d'Arnold","v. blandinusstr. t. s. pieterspl."
25,"Arteveldeplaats","pl. d’Artevelde","v. statiestraat tot koepoortkaai en nieuwenboschstraat."
26,"Augustijnenkaai","q. des augustins","v. lievestr. t. molenaarstr."
27,"Auwegem doorgang","passage d’Auwegem ou de la préfecture","van gouvernementstraat tot nederscheldstraat."
28,"Baaisteeg","rue de la frise","van zandberg tot vlasmarkt."
29,"Bagattestraat","r. des baguettes","v. nederkouter tot s. pietersnieuwstraat."
30,"Ballestraat","rue des balles","van kraanlei tot haringsteeg."
31,"Balliustraat","rue du bailli","van kapellaanstr. tot kazematstr."
32,"Barrestraat","rue aux barres","v. spiegelstr t. de nederschelde."
33,"Batterijstraat, buiten de brugschepoort","rue de la batterie","van brugschesteenweg tot zuidkaai."
34,"Baudeloolei","fossé d'Othon ou de Baudeloo","van kleine botermerkt tot de krommewal."
35,"Baudeloostraat","rue d'Othon, du jardin des plantes ou Baudeloo","van Baudeloolei tot oudevest."
36,"Baviaanstraat","r. des babouins","v. zaaimanst. t. fabriekplaats."
37,"Beersteeg","rue aux ours","van goudstraat tot rivier achterlei."
38,"Beestenmarkt (nieuwe)","nouveau marché au bétail","tusschen boul. van ’t kasteel en ’t slachthuis."
39,"Beestenmarkt (oude)","ancien marché au bétail","van de oude ossenmarkt tot zilverstraat."
40,"Begijnendries","plaine ste Elisabeth","v. burgstr. t. rabotstr."
41,"Begijnengracht","fossé ste Elisabeth","van burgstraat tot brugschepoortstraat."
42,"Begijnenvest","rempart ou boulevard du béguinage","van plaisantevest tot brugschepoortstraat of contributiestraat."
43,"Belgradestraat","r. de belgrade","v. Brabantd. t. keizerkarelstr."
44,"Bellevuustraat","rue de Bellevue","van coupure, linker oever, tot akkergemstraat."
45,"Bellevuustraat te Ledeberg","rue de bellevue","van hundelgemschesteenweg tot aan de schelde."
46,"Benardstraat","rue Benard","van muinkkaai t. dierentuindreef."
47,"Bennesteeg","rue des vanniers","v. mageleinstr. tot veldstraat."
48,"Berouwstraat","rue du repentir","van chartreuzenstraat tot tusschen vogelenzangkaai en geuzenberg."
49,"Berriesteeg","rue de la civière ou de la source","van kalanderberg tot gouvernementstraat."
50,"Bessemstraat","rue des balais","van onderbergen t. struifsteeg."
51,"Bestormstraat","rue d'assaut","van onderbergen t. violettenlei."
52,"Biezenkapelstraatje","ruelle dite biezencapel","van regnessestraat tot nederpolder."
53,"Binnenweg","chemin de traverse","van hundelgemschesteenweg tot verder op den zelfden weg."
54,"Bisschopstraat","rue Bisschop","van hundelgemschen steenweg tot scheldekant."
55,"Blandinusstraat","r. Blandin","v. s. piet. vrouwstr. t. s. amandst."
56,"Blauwmeiskensstraat",,"ziet werregarenstraat."
57,"Bleekersreek","digue d. blanchisseurs","v. huidevettersk. t. dok."
58,"Blindeken","rue de l’aveugle","van comijnstraat t. brouwersst."
59,"Blindestraat","r. de l’aveugle","Ledeberg, v. kerkstr. t binnenw."
60,"Bloemsstraat","rue aux fleurs","van nederkouter t. paallepelstr."
61,"Boegsteeg","rue de la proue","van veldstraat t. predikheerenlei."
62,"Boeksteeg","impasse du livre","ziet boegsteeg."
63,"Bogaardstraat","r. du verger","v. hertogstr. t. roodekoningstr."
64,"Bonteleeuwstraat","rue du lion","v korte meire t. veldstraat."
65,"Boomstraat","r. de l’arbre","v. peterceliestr. t. brugschesteenw."
66,"Bornsteeg",,"ziet berriesteeg."
67,"Botermarkt","marché au beurre","v. hoogpoort t. mageleinstr."
68,"Botermansstr.","r. des beurriers","v. burgstraat t. meersteeg."
69,"Boulevard van akkergem",,"ziet akkergemvest."
70,"Boulevard van het begijnhof","boul. du béguinage","van plaisantevest tot contributiestraat of brugschepoortstraat."
71,"Boulevard van Brussel",,"ziet keizersvest."
72,"Boulevard der bijloke","boulevard de la byloque","van de nieuwe brug, bijlokestraat, tot de bijlokevest."
73,"Boulevard der citadel","boulevard de la citadelle","van kortrijkschestraat tot dekstraat."
74,"Boulevard Frère-Orban","boulevard Frère-Orban","van statieplaats tot s. Lievens-boulevard."
75,"Boulevard van het kasteel","boulevard du château","van boulevard Lousbergs tot hoek der schoolkaai."
76,"Boulevard Lousbergs","boulev. Lousbergs","voorheen visscherij, linker oever, van den slachthuisboulevard tot de nederschelde bij de keizerpoort."
77,"Boulevard van plaisance",,"ziet plaisantevest."
78,"Boulevard van s. Lieven","boulevard s. Liévin","van keizersvest tot s. Lievensvest."
79,"Boulevard van het slachthuis","boulevard de l’abattoir","van de Pauwbrug tot boulevard Lousbergs."
80,"Boulevardstraat, Ledeberg","rue du boulevard","van de bellevuestraat tot den ijzeren weg."
81,"Brabantstraat","rue de Brabant","v. vogelmarkt t. brabantdam."
82,"Braderijstr.","r. des rôtisseurs","van groot gewat tot lievekaai."
83,"Brandstraat","rue de l'incendie","van houtlei tot holstraat."
84,"Breidelsteeg","rue des selliers","v de appelbrug t. burgstraat."
85,"Briele",,"ziet fabriekplaats."
86,"Brouwersstraat","rue des brasseurs","v. ramstraat t. blindeken."
87,"Brugschepoortstraat","rue de la porte de Bruges","van hoogstraat en begijnengracht tot noordkaai-brugschepoort."
88,"Brugschesteenweg, buiten de brugschepoort","chaussée de Bruges","van phoenixstraat tot Mariakerke."
89,"Brusselsche boulevard",,"ziet keizersvest."
90,"Brusselschesteenweg","chaussée de Bruxelles","Ledeberg, van de keizerpoort tot Gentbrugge-Melle."
91,"Brusselschesteeg",,"ziet krevelsteeg."
92,"Brusselschestraat",,"ziet keizerstraat."
93,"Brusselschepoortvest",,"ziet keizersvest."
94,"Buiten muide","faubourg du sas","v. voormuide t. Meulestede."
95,"Buiten de heuvelpoort","faubourg de la porte de la colline","ziet s. Pieters-Aalst."
96,"Burgstraat","r. de Bruges","v. hoogezonnestr. t. begijnengracht."
97,"Bijlokestraat","rue de la byloque","v. coupure t. bijlokemeersch."
98,"Bijlokevest","rempart ou boulevard de la byloque","van coupure, linker oever, tot akkergemplaats."
99,"Bij het fort",,"ziet kazernvest of boulevard der citadel."
100,"Bij s. Baafs","cloître s. Bavon","van s. Janstraat tot s. Baafsplein en s. Baafsstraat."
101,"Bij s. Jacobs","cloître s. Jacques, place ou près s. Jacques","van kammersstraat tot steendam, langs beide kanten der s. Jacobskerk."
102,"Buiten de kortrijkschepoort","faub. de la porte de Courtrai","ziet s. Pieters-Aigem."
103,"Caleitjen",,"ziet kalkstraat, heuvelplein, enz."
104,"Capucienenham","hameau des capucins","van lange bogaardstraat tot apostelstraat."
105,"Capucienenstraat","rue des capucins","van brabantdam tot keizerkarelstraat."
106,"Casinoplaats","place du casino","van holstraat tot casinostraat."
107,"Casinostraat","rue du casino","van theresianenstr. tot casinopl."
108,"Casinosteeg","ruelle du casino","ziet nieuwe casinostraat."
109,"Catalognesstr.","r. de la catalogne","v. s. Janstr. t. koornmarkt."
110,"Cathelijnestraat","r. s. Catherine","v. goudstraat t gelukstraat."
111,"Cauderlierkaai","quai Cauderlier","ziet kuiperskaai."
112,"Cazematstr.","r. des casemattes","v. schoolstr. t. n. beestenm."
113,"Chartreuzenstraat","rue des chartreux","van kortschipgracht tot groot meerhem."
114,"Citadelstraat","r. de la citadelle","van bijlokebrug tot einde kortrijkschestraat."
115,"Colpaartsteeg","impasse Colpaert","op de coupure, linker oever, (zonder eind)."
116,"Comediestraat","rue du théâtre ou de la comédie","van kouter tot recollettenplein."
117,"Comijnstraat","rue du cumin","van den ram tot peperstraat."
118,"Conduitsteeg","rue du conduit","v. korte meire tot veldstraat."
119,"Contributiestraat","rue de la contribution","van brugschepoortstraat tot einde coupure, rechter oever."
120,"Corianderstraat","rue de la coriandre","van walpoortbrugstraat tot grooten huidevettershoek."
121,"Coupure, linker oever","coupure, rive gauche","van verlorenbroodstraat tot phoenixstraat (brugschepoort)."
122,"Coupure, rechter oever","coupure, rive droite","van lindelei tot contributiestraat."
123,"Coupuregang","passage de la coupure","van rasphuisstraat tot coupure, rechter oever."
124,"Cozijntjesstr.","r. des cousins","v. krommenesch t. mortierstr."
125,"Dampoortstraat","rue de la porte d’Anvers","van roodetorenkaai tot antwerpschensteenweg."
126,"Dekstraat","rue des couvreurs","v. s. amandstr. t. kazernstraat."
127,"Demildreef","avenue Demil","van hundelgemschesteenweg tot de schelde."
128,"Dendermondscheweg","chaussée de Termonde","van antwerpschesteenw. dampoort t. Oostacker- en voorts Destelberg."
129,"De Somerstraat, s. Amandsberg","rue de Somer","van antwerpschesteenweg tot papegaaistraat of oostackerstraat."
130,"De Vreese beluik","cité de Vreese","v. blandinusstr. t. rogierstr."
131,"Dikkeboomstraat",,"ziet kleine hospitaalstraat."
132,"Dierentuindreef","boulevard du jardin zoologique","van Lievenbauwensplaats tot s. Lievensvest."
133,"Dobbelhuizen",,"ziet chartreuzenstraat."
134,"Dok","dock, bassin du commerce ou quai du grand bassin","van voormuide tot dampoortstraat."
135,"Dokstraat","rue du dok","van wollestraat tot den dok."
136,"Dok linker oever","dok rive gauche","van buiten muide tot antwerpschesteenweg."
137,"Dok rechter oever","dok rive droite","ziet dok."
138,"Donkersteeg","rue du paradis","v. goudeleeuwpl. tot koornm."
139,"Donkerstraatje","rue obscure","v. vrijdagmarkt t. steurstraat."
140,"Doode lieve",,"ziet augustijnenkaai."
141,"Doorgangsteeg","r. traversière","v. bennesteeg t. voldersstraat."
142,"Doorgangstr.","rue traversière","Ledeberg, v. weldadigheidstr. tot kerkstraat."
143,"Doornstraat","r. de l’épine","v. krommenesch t. mortierstraat."
144,"Drapstraat","rue aux draps","van koornlei tot poel."
145,"Dries","le dries","Ledeberg, op het einde der driesstraat."
146,"Driesstraat","rue du dries","Ledeberg, van hundelgemschesteenweg tot den dries."
147,"Drongenhof","rue du bac","van oudburg tot langesteensstraat."
148,"Drongenschestraat of steenweg","rue ou chaussée de Tronchiennes","van roigemstraat tot Drongen."
149,"Druifsteeg","rue des raisins","v. vrijdagmarkt t. baudeloolei."
150,"Duivenstraatje","r. des pigeons","v. engelstraat t. donkerstraat."
151,"Duivelsteeg","rue du diable","van spiegelstraat tot herpelsteeg."
152,"Dweersstraatje",,"ziet doorgangsteeg."
153,"Dwersstraat","rue traversière","van muinkkaai t. dierentuindr."
154,"Eggermontstr.","rue Eggermont","Ledeberg, v. hundelgemschesteenweg tot kerkstraat."
155,"Einde weere",,"is einde akkergemvest, linker kant."
156,"Engelstraat","rue de l’ange","van vrijdagmarkt t. garenplaats."
157,"Engelandgat","r. d'Angleterre","v. s Michielspl. t. struifsteeg."
158,"Engelschenonnenstraat","r. des nonnes anglaises","v. s. pietersnieuwstraat tot de opperschelde (muinkkaai)."
159,"Eliseesche velden","champs élysées","v. noordk. t. palingshuiz."
160,"Eksterstraat","rue de la pie","v. brugschesteenw. t. abricotstr."
161,"Fabriekplaats","place des fabriques","van s. Margueritestraat tot palingstraat."
162,"Finnesdreef","avenue de fiennes","v. koornlei t. huurdochterstr."
163,"Fiévéstraat","rue fiévé","van nieuwland tot dok."
164,"Filledieuzenham",,"ziet roodelijvekensstraat."
165,"Florbertstraat","rue florbert","v. s. pietersplein t. s. amandstr."
166,"Fruitmarkt",,"ziet graslei."
167,"Galerij Vanderdonckt",,"ziet Vanderdonckt's doorgang."
168,"Galgenbergstraat","r. du calvaire","v. holstraat t. 12kamersstr."
169,"Garenmarkt","marché au fil","van waaistraat tot speldenstraat."
170,"Geiteensstraat","r. de la chèvre","v. drongenscheweg t. roigemstr."
171,"Geldmunt","r. de la monnaie","v. veerleplaats t. langesteenstr."
172,"Gelukstraat","r. du bonheur","van baudeloolei tot oudevest."
173,"Gerardstraat","rue Gérard","s. amandsberg, van antwerpschesteenweg tot meerschkantstraat."
174,"Gerechtshofplaats",,"ziet recollettenplein."
175,"Geuzenberg of hoek","montagne des infidèles","van vogelenzangkaai tot einde groot meerhem."
176,"Gewat",,"ziet groot gewat en klein gewat."
177,"Gildestraat","r. de la confrérie","van s. Jacobsnieuwstraat tot kalvermarkt."
178,"Godshuishammeken","rue de la Maison-Dieu","van slijpstraat tot huidevetterken en Vancanegemsstraat."
179,"Goudstraat","rue d'or","v. Baudeloolei tot minnenmeersch."
180,"Goudenleeuwplaats","place du lion d'or","van korteridderstraat en pouillemarkt tot klein turkijen."
181,"Gouvernementsvaat","rue du gouvernement, de la préfecture, ou du haut-escaut","van bij s. Baafs tot kortedagsteeg."
182,"Graaf van vlaanderenstraat",,"ziet statieplaats."
183,"Graslei","quai aux herbes","van grasbrug tot predikheerenlei."
184,"Gravenkasteel","château des comtes","op den hoek van de veerleplaats en van de geldmunt, maakt deel der veerleplaats."
185,"Groendreef","allée-verte","van zuidkaai tot Mariakerke."
186,"Groendreefsteeg","impasse de l’allée-verte","op de groendreef."
187,"Groenstraat","rue verte","v. huidevetterskaai t. Vancanegemstr."
188,"Groenenbriele",,"ziet fabriekplaats."
189,"Groenselmarkt","marché aux légumes ou aux herbes","van hoogpoort tot kortemunt, pensmarkt en vleeschhuisbrug."
190,"Groot gewat","avenue de la cour","v. burgstraat t prinsenhof."
191,"Groote huidevettershoek","grand toquet","van walpoortbrugstraat tot corianderstraat."
192,"Groot kanonplaats","place du grand canon","van langemunt tot vrijdagmarkt."
193,"Groot meerhem","quai du grand marais","van chartreuzenstraat tot klein meerhem."
194,"Gruisberg","rue des décombres","v. reep t. langebogaardstraat."
195,"Ham","rue du jambon","van roodetorenkaai tot bleekersreek."
196,"Hamerstraat","rue du marteau","v. groendreef t kiekenstraat."
197,"Haringsteeg","rue du hareng","van geldmunt tot hertogstraat."
198,"Haspelstraat","rue du dévidoir","v. roigemstraat t. ambeeldstr."
199,"Hazewindstraat","rue du lévrier","van koornmarkt tot graslei."
200,"Hebbrechtstraat",,"ziet schreiboomstraat."
201,"Heiliggeeststraat","r. du s. esprit","v. catalognesstr. t. bennesteeg."
202,"Heilligkerststraat",,"ziet s. salvatorstraat."
203,"Heilig sakramentstraat","rue du s. sacrement","van korte meire tot veldstraat."
204,"Hel","de","maakt deel van het nieuwland."
205,"Hemelrijkstraat",,"ziet donkersteeg."
206,"Herderstraat","r. du berger","van werkhuisstraat tot vlasstraat."
207,"Herodeszak","cul de sac d’Hérode","in de zaaimansstraat, rechter kant."
208,"Herpelsteeg","r. du canard","v. ursulinestr. t s. jacobsnieuwstr."
209,"Hertstraat","rue du cerf","van muinkkaai tot dwarsstraat."
210,"Hertogstraat","rue ducale","van kraanlei tot plottersgracht."
211,"Heuvelplein","place de la colline","v. s. Huibrechtstr. r. kalkstr."
212,"Heuvelstraat","r. de la colline","v. s. Amandstr. t. heuvelpoort."
213,"Heuvelvest","remp. de la colline","v. heuvelpoort t. de schelde."
214,"Hoefijzerstraat","rue du fer à cheval","van langemunt, links, tot de rivier (kraanlei)."
215,"Hoefijzerstr.","r. du fer à cheval","Ledeberg, v. kl. binnenweg tot doorgangstraat."
216,"Hofsteeg",,"ziet 2de prinsenhofzaksteeg."
217,"Hofstraat","rue du jardin","van muinkkaai tot dierentuindreef."
218,"Hofstraat, Ledeberg,","rue du jardin","van boulevardstraat tot bellevuestraat."
219,"Holstraat","rue de la caverne","v. hoogstr. t. galgenbergstr."
220,"Hoofdkerkstr.","r. de la cathédr.","v. s. Baafstr. t. s. Baafsplein."
221,"Hooge Scheldestr.","rue du haut escaut","ziet gouvernementstr."
222,"Hoogezonnestraat","rue haute du soleil","van veerleplaats tot burgstraat (onthoofdbrug)."
223,"Hoogpoortstraat","rue hautport","v. groenselm. t. nederpolder."
224,"Hoogpoortstraatje",,"ziet werregarenstraat."
225,"Hoogstraat","rue haute","van poel tot brugschepoortstraat."
226,"Hoornstraat","rue de la corne","v. veldstraat t. predikheerenbrug."
227,"Hooie","place des prés","van Vanderbruggensteeg) tot Arteveldeplein."
228,"Hooiaard","place aux foins","van koornmarkt tot pensmarkt en graslei."
229,"Hospiciestraat","rue de l’hospice","Ledeberg, van doorgangstr. tot snottemuilstraat."
230,"Hospitaalstr.","r. de l’hôpital","v. akkergemst. t. n. wandeling."
231,"Hospitaalstraatje",,"ziet kleine hospitaalstraat."
232,"Houtbriel","rue du chantier","van oude schaapmarkt tot kalvermarkt."
233,"Houtlei","quai aux bois","van torenbrug, hoogst., t. violettenlei."
234,"Hoveniersberg","montagne des jardiniers","van hospitaalstraat tot akkergemvest."
235,"Hoverniersstraat","rue des jardiniers","van hospitaalstraat tot akkergemvest."
236,"Huurdochterstraat","rue des servantes","van koornlei tot s. Michielsplein."
237,"Huidevetterken","rue des tanneurs","v. slijpstr. t. nieuwland en Godshuishammeken."
238,"Huidevetterskaai","quai des tanneurs","v. achterlei t. nieuwland."
239,"Huidevettershoek",,"zie groote en kleine huidevettershoek."
240,"Hundelgemschesteenweg","chaussée d’Hundelgem","van s. lievenspoort tot Meirelbeke."
241,"Jerusalemsstraat",,"zie s. Barbarastraat."
242,"Jesuitenstraat",,"ziet voldersstraat."
243,"Jodenstr.","rue des juifs","v. gouvernementstr. t. nederscheldst."
244,"Kaatsplaats","place du jeu de paume","van drongenhof tot kortekalversteeg."
245,"Kalanderberg","place de la calandre","van kalanderstraat tot kouterdreef en lange meire."
246,"Kalanderstraat","rue de la calandre","van mageleinstraat tot kalanderberg."
247,"Kalkstraat","rue de la chaux","v. nederkouter t. s. huibrechtstr."
248,"Kaleitje",,"zie kalkstraat, heuvelplein, enz."
249,"Kalvermarkt","marché aux veaux","v. gildestr. t. roodetorenst."
250,"Kammersst.","r. des peignes","v. vrijdagmarkt t. koningstraat."
251,"Kanonikstraat","rue des chanoines","van kortrijkschestraat tot kazernstraat."
252,"Kanonstraat",,"ziet waterstraatje."
253,"Kapellaanstraat","rue du chapelain","van de prooststraat tot de balliustraat."
254,"Kapellestraat","r. de la chapelle","v. pekelharing t. s. agneetst."
255,"Karrestraat","r. des charrettes","v. ijperstraat t. stoppelstraat."
256,"Kasteelkaai","quai du château","v. roodetorenk. t. dampoortstr."
257,"Kasteelplein",,"ziet spanjaardskasteel."
258,"Kasteelstraat of kasteelbrugstraat","r. du château","v. leopoldstraat t. kasteelkaai."
259,"Kasteelvest",,"ziet boulevard van het kasteel."
260,"Kattenberg",,"ziet kanonikstraat."
261,"Kazernplaats","place d. casern.","v. kanonnikstraat t. kazernpl."
262,"Kazernstraat","rue des casernes","van s. Amandstraat tot kazernplaats en dekstraat."
263,"Kazernvest","rempart des casernes","van kortrijkschestraat tot kazernstraat."
264,"Keizerstraat","rue de Bruxelles ou de l'empereur","van lange violettestraat tot de keizerpoort (Ledeberg)."
265,"Keizerkarelstr.","rue Charles V","v. nieuwbrug t. Arteveldepl."
266,"Keizersdreef",,"ziet groot gewat."
267,"Keizersvest","rempart de la porte de Bruxelles","van visscherij tot s. Lievens-boulevard."
268,"Kelderstraat","r. de la cave","v. krommenesch t. apostelstraat."
269,"Kerkhofsstraat","r. du cimetière","in de kerkstr. brugschepoort."
270,"Kerkstraat, brugschepoort","rue de l’église","van noordkaai tot verbindingsvaart en van dezelve vaart tot Wondelgem (boerenkerkstraat)."
271,"Kerkstraat, Ledeberg","rue de l’église","van hundelgemschesteenweg tot Eggermontstraat."
272,"Kerkstraat, Gentbrugge","rue de l’église","van posthoornstr.,"
273,"Ledeberg",,"naar de gemeente Gentbrugge."
274,"Kerrestraat",,"ziet karrestraat."
275,"Ketelplein","plaine de chaudronniers ou des bastions","van begin nederkouter tot de lei."
276,"Ketelstraatje",,"ziet stadhuissteeg."
277,"Ketelvest","rempart des chaudronniers ou des bastions","van nederkouter tot walpoortbrugstraat."
278,"Kiekenmarkt","marché aux poulets","ziet pouillemarkt."
279,"Kiekenstraat","r. du poulet","v brugschesteenweg t. hamerstr."
280,"Kleisraat",,"ziet kalkstraat."
281,"Kleine bellevuestraat","petite rue de bellevue","van coupure, linker oever, tot bijlokevest."
282,"Kleine binnenweg, Ledeberg","petit chemin de traverse","van binnenweg tot langestraat."
283,"Kleine botermarkt","petit marché au beurre","van bij s. Jacobs tot baudeloolei."
284,"Kleine dok","petit dok ou dok rive gauche","van buitenmuide tot dampoort, antwerpschesteenweg."
285,"Kleine hoogpoortstraat","petite rue du haut-port","van ketelplein tot leistraat."
286,"Kleine hospitaalstraat","petite rue de l’hôpital","van akkergemstraat tot hospitaalstraat."
287,"Kl. huidevettershoek","p. toquet","v. corianderstr. t. lammerst."
288,"Kleine kerkstr.","petite rue de l’église","Ledeberg, van kl. binnenweg tot hoefijzerstr."
289,"Kleine koornmarkt",,"ziet koornmarkt."
290,"Kleine kuipersstraat","petite rue des tonneliers","van brabantdam tot kuiperskaai."
291,"Kl. onderstraat","petite rue basse","v. onderstr. t. kammersstr."
292,"Kleine penitentenstraat","petite rue des pénitents","van kleine botermarkt tot wolvensteeg."
293,"Kleine ramstr","pet. r. du bélier","v. ramstr. t. luxemburgstr."
294,"Kleine reke",,"ziet bleekersreek."
295,"Kleine statiestraat","petite rue de la station","van brabantdam tot kleine kuipersstraat."
296,"Kl. s. Gillisstr.","impasse s. Gilles","in s. Gillisstr., zonder eind."
297,"Kl. veerstraat","pet. r. du ponton","v. kortrijkschestr. t. de lei."
298,"Kleine vleeschhuissteeg","ruelle de la petite boucherie","van kouter tot kortedagsteeg."
299,"Kleine vischmarkt","petit marché au poisson","van vleeschhuisbrug tot veerleplaats."
300,"Kleine ijperstraat",,"ziet ijpersteeg."
301,"Klein gewat","petite avenue de la cour","van groot gewat tot lievekaai."
302,"Klein meerhem","place du petit marais","van groot meerhem tot sasschekaai en voormuide."
303,"Klein Turkijen","petite Turquie","van goudeleeuwpl. t. koornm."
304,"Kluizestraat","rue de l’hermitage","v. molenaarstr t lievegang."
305,"Kluyskensstraat","rue Kluyskens","van de bijlokevest langs het nieuw hospitaal tot de bijlokestraat."
306,"Koestraat","rue aux vaches","v. kalanderberg t. kortedagstr."
307,"Koepoort ","porte aux vaches ","op einde der bijlokestraat."
308,"Koepoortkaai","quai aux vaches","v. mortierstr. t. Arteveldepl."
309,"Koepoortstraat","rue du quai aux vaches","van apostelsstraat tot koepoortkaai."
310,"Kogelstraat","rue de la balle","van antwerpschesteenweg tot weldadigheidstraat."
311,"Koningstraat","rue royale","van zandberg tot vlasmarkt."
312,"Koningstraat",,"ziet kleinen binnenweg Ledeberg "
,"Koolsteeg","rue aux choux","v. burgstraat t. begijnendries."
313,"Koophandelplaats",,"ziet recollettenplein."
314,"Koornbloemsstraat","rue du bluet, rue de la fleur de blé","van akkergemstraat t. kruisboogstraat."
315,"Koornlei","quai au blé","van grasbrug tot huurdochterstraat."
316,"Koornmarkt","marché aux grains","v. kortemunt t. veldstraat."
317,"Koperstraat","rue du cuivre","van jperstraat tot stoppelstraat."
318,"Korte beenhouwerstraat","rue courte des bouchers","van gruisberg tot winkelsteeg."
319,"Korte bogaardstraat","rue courte du verger","van lange bogaardstraat tot belgradestraat."
320,"Korte boomgaardstraat",,"ziet korte bogaardstraat."
321,"Kortedagsteeg","r. courte du jour","v. koestr t. walpoortbrug."
322,"Korte kalversteeg","rue courte aux veaux","van roode koningstraat tot kaatsplaats."
323,"Korte kammerstraat","rue courte des peignes","van kammersstraat tot bij s. Jacobs."
324,"Korte koestraat","rue courte aux vaches","van spiegelstraat tot de oude ossenmarkt."
325,"Korte krevelsteeg","rue courte des démangeaisons, ou passage de la rue de Bruxelles","van keizerstraat tot s. Lievenstraat."
326,"Korte kruisstraat","r. courte de la croix","van kruisstraat tot mageleinstraat."
327,"Korte meire","rue courte du marais","van voldersstraat t. kouter."
328,"Korte munt","rue courte de la monnaie","van groenselmarkt tot koornmarkt."
329,"Korte onderstraat",,"ziet kleine onderstraat."
330,"Korte penitentenstraat",,"ziet kleine penitentenstraat."
331,"Korte ridderstraat","rue courte des chevaliers","van goudeleeuwplaats tot s. Janstraat."
332,"Kortschipgracht","rue courte des bateaux","van zaalmansstraat tot palingstraat."
333,"Korte steensstraat","rue courte des pierres","van langesteenstraat tot slijpstraat."
334,"Korte violettestraat","r. courte des violettes","van recollettenlei tot annonciadenstraat (zottepoortbrug)."
335,"Korte wijngaardstraat","rue courte de la vigne","van lange bogaardstraat tot belgradestraat."
336,"Korte ijperstraat",,"ziet ijpersteeg."
337,"Korte zilverstraat","r. courte d'argent","v. lievekaai t. prinsenhof."
338,"Kort onderbergen","r. courte de la vallée","van recollettenbrug tot onderbergen."
339,"Kortrijkschestraat","rue de Courtrai","van nederkouter tot kortrijkschepoort."
340,"Kortrijkschepoortstraat",,"ziet kortrijkschestraat."
341,"Kortrijkschesteenweg","chaussée de Courtrai","van kortrijkschepoort naar s. Denijs."
342,"Kouter","place d'armes","van vogelmarkt tot zonnestraat en comediestraat."
343,"Kouterdreef","avenue de la place d'armes","van kalanderberg tot kouter."
344,"Koutersteeg","ruelle de la place d'armes","v. koestr. tot kouter."
345,"Kozijntjensstraat",,"ziet cozijntjesstraat."
346,"Kraanlei","quai de la grue","van veerleplaats tot oudburg."
347,"Kraanstraat","rue de la grue","van bleekersreeke tot dok."
348,"Kriekerijstraat","rue de la cérisaie","van molenaarsstraat tot s Margueritestraat."
349,"Krommenelleboog",,"ziet saliestraat "
,"Krommenesch","r. du tortillard","v. keizerkarelstr. t. veerstraat."
350,"Krommewal","rue du fossé courbe","van Baudeloolei tot het water (achterlei)."
351,"Kromsteeg","rue tortue","van catalognestraat tot bennesteeg."
352,"Kroonstraat","rue de la couronne","v. weversstraat t. vlasstraat."
353,"Kruisstraat","rue de la croix","van bij s. Baafs t. kalanderberg."
354,"Kruisboogstraat","rue de l’arbalète","van akkergemsstraat tot koornbloemstraat."
355,"Kuipersstraat","rue des tonneliers","van plottersgracht tot lange steenstraat."
356,"Kuiperskaai","quai des tonneliers","van Lieven Bauwensplaats tot oude scheldesteeg."
357,"Kwaadham",,"ziet spiegelstraat."
358,"Lammerstraat","rue de l’agneau","van s. Pietersnieuwstraat tot Lieven Bauwensplaats."
359,"Land van Waasstraat, b. de dampoort","rue du pays de Waas","van dendermondschesteenweg tot antwerpschesteenweg."
360,"Lange beenhouwersstraat","rue longue des bouchers","van reep tot sleutelstraat."
361,"Lange bogaardstraat","rue longue du verger","v. brabantdam tot capuciennenham."
362,"Lange kalversteeg","rue longue aux veaux","van oudburg tot korte kalversteeg."
363,"Lange krevelsteeg","rue longue des démangeaisons ou passage de la rue s. Liévin","v. keizerstr. tot s. Lievenstraat."
364,"Langemeire","r. l. du marais","v. kalanderberg t. kortemeire."
365,"Langemunt","rue longue de la monnaie","van groenselmarkt tot grootkanonplaats."
366,"Lange penitentenstraat",,"ziet penitentenstraat."
367,"Lange steenstraat","rue longue des pierres","van lievenstraat tot kortesteenstraat."
368,"Lange wijngaardstraat","rue longue de la vigne","van reep tot lange bogaardstraat."
369,"Lang schipgracht","rue longue des bateaux","van lange steenstraat tot zaaimansstraat."
370,"Laurierstraat","rue du Laurier","van s. Pietersnieuwstraat tot s. Huibrechtstraat."
371,"Leeuw te putte",,"ziet gouden leeuwplaats."
372,"Leikaai, buiten de brugschepoort","quai de la lys","van phoenixstraat tot Drongen."
373,"Leistraat, buiten de brugschepoort","rue de la lys","van roigemstraat tot leikaai."
374,"Leisteeg","ruelle de la lys","v. nederkouter t. de lei (lindelei)."
375,"Leopoldstraat","rue Léopold","van roodetorenkaai tot kasteelbrugstraat."
376,"Liberteitstraat",,"ziet oranjeberg."
377,"Lievegang","passage de la liève","v. s. Antoniuskaai t. kluizestr."
378,"Lievekaai","quai de la liève","v kl. gewat t. korte zilverstraat."
379,"Lievestraat","rue de la liève","v. lievebrug t. langesteensstraat."
380,"Lieven Bauwensplaats","place Liévin Bauwens","van lammerstraat tot muinkkaai, dierentuindreef en statiestraat "
,"Lindelei","quai aux tilleuls ","van recollettenlei tot coupure, rechter oever."
381,"Luxemburgstraat","rue du luxembourg","van kleine ramstraat tot ramstraat."
382,"Maagdestraat","r. de la pucelle","v. violettelei t. papegaaistraat."
383,"Maaihoveken",,"ziet kuiperskaai."
384,"Mageleinstraat","rue magelein ou aux marjolaines","van aan het belfort tot kalanderstraat."
385,"Mannekensaarde",,"ziet groot kanonplaats."
386,"Marjoleinstraat",,"ziet mageleinstraat."
387,"Meerschkantstraat, s. Amandsberg","rue des prairies","van antwerpschesteenweg tot achter s. amandsberg."
388,"Meersteeg","rue du lac","van abrahamstraat tot burgstraat."
389,"Meirelbeekst.","r. de Meirelbeke","v. gildestr. t. beestenmarkt."
390,"Metsersstraa","rue des maçons","v bleekersreke t. dok."
391,"Meulestede","hameau de Meulestede","van buitenmuide en terneuschelaan tot Wondelgem-Evergem-Oostakker."
392,"Minnemanssteeg","rue des amants","van oude vlasmarkt tot kleine penitentenstraat."
393,"Minnemeersch","place du pré d'amour","van goudstraat tot minnemeerschbrug."
394,"Modenaaisteeg","rue des couturières","van veldstraat tot predikheerenlei."
395,"Molekenstraat","rue du moulinet","(nu gesloten) van veldstraat tot de lei."
396,"Molenaarsstraat","rue des meuniers","van augustijnenkaai tot vogelenzangkaai."
397,"Molenstraat","rue du moulin","Ledeberg, van langestraat tot Vanlokerenstraat."
398,"Molenweg","rue du moulin","van coupure, linker oever, tot bijlokevest."
399,"Mooriaanstraat","r. du maure","maakt deel van den hundelgemschesteenweg, nabij den hazewind."
400,"Mortierstraat","rue du mortier","v. veerstraat t. koepoortkaai."
401,"Muinkbrugstraat","rue du pont des moines","van s. Amandstraat tot muinkkaai."
402,"Muinkkaai","quai des moines","van Lieven Bauwensplaats, langs de opperschelde tot Ledeberg."
403,"Nederkouter","rue basse des champs","van ketelbrug tot korrijkschestraat."
404,"Nederpolder","r. du bas-poldre","v. hoogpoort t. roskamstraat."
405,"Nederscheldkaai",,"ziet reep."
406,"Nederscheldstraat","rue du bas-escaut","van bij s. Baafs tot brabantstraat."
407,"Nettestraat","rue du filet","van drongenschesteenweg tot brugschesteenweg."
408,"Nieuwenboschstraat","rue du nouveau-bois","van Arteveldeplaats tot Vandenbruggensteeg."
409,"Nieuwe casinostraat","rue neuve du casino","van 12kamersstraat tot casinoplaats."
410,"Nieuwe rabotstraat","rue neuve du rabot","ziet rabotstraat."
411,"Nieuwe sasschepoortstraat",,"ziet voormuide."
412,"Nieuwe straat","rue neuve","Ledeberg, van driesstr. tot brusselschesteenweg."
413,"Nieuwe theresianenstraat","rue neuve des thérésiennes","van rasphuisstraat tot theresianenstraat."
414,"Nieuwe wandeling","nouvelle promenade","van coupure, linker oever, tot Akkergemvest."
415,"Nieuwe weg",,"ziet kanonikstraat."
416,"Nieuw hospitaalstraat","rue du nouvel hôpital","van de coupure tot het nieuw hospitaal."
417,"Nieuwland","rue terre-neuve","van huidevetterskaai tot priesterstraat."
418,"Nieuwpoortje",,"ziet s. Jansdreef en ijkstraat."
419,"Noordkaai, buiten de brugschepoort","quai du nord, faub. de Bruges","v. brugschepoortstraat t. eliseesche-velden."
420,"Nijverheidskaai","quai de l’industrie","van tolhuisbrug tot Wondelgem."
421,"Nijverheidslaan","allée ou avenue de l'industrie","van palingshuizen tot aan de nijverheidskaai."
422,"Nijverheidsplaats",,"aan het begin der nijverheidskaai."
423,"Okerstraat","rue de l'ocre","van veldstraat t. predikheerenlei."
424,"Oliestraat","rue de l'huile","van steendam tot s. Jansdreef."
425,"Onderbergen","rue de la vallée","van s. Michielsplaats tot korte violettestraat."
426,"Onderstraat","rue basse","van langemunt tot koningstraat."
427,"Onze lieve vrouwestraat","rue Notre Dame","van bogaardstr. tot plottersgracht."
428,"Oostakkerstraat, linkerkant van het papegaaistraatje","rue d’Oostakker","van antwerpschesteenweg tot dendermondscheweg op het gebied van Gent."
429,"Oostenrijkersstraat","rue des Autrichiens","van s. Macharius- straat tot spanjaardsstraat."
430,"Oranjeberg","rue d'Orange ou de la liberté","van kalanderberg tot gouvernementstraat."
431,"Opperscheldestraat",,"ziet gouvernementstraat."
432,"Ottogracht",,"ziet baudeloolei."
433,"Ottostraat",,"ziet baudeloostraat."
434,"Oudburg","rue du vieux-bourg","van kraanlei tot sluizeken."
435,"Oude ajuinlei","vieux quai aux oignons","van predikheerenstraat tot recollettenlei."
436,"Oude kerkweg","vieux chemin de l’église","op akkergemstraat, zonder eind."
437,"Oude molenaarsstraat","vieille rue des meuniers","van en tot de muinkkaai."
438,"Oude ossenmarkt","vieux marché aux boeufs","van oude beestenmarkt tot weezenstraat."
439,"Oude sasschepoortstraat","rue de l’ancienne porte du sas","van lein meerhem tot dok en voormuide."
440,"Oude schaapmarkt","vieux marché aux moutons","van vlasmarkt tot s. Jansdreef."
441,"Oude scheldesteeg","passage du vieil-escaut","van brabantdam tot kleine kuipersstraat."
442,"Oude vest","r. du vieux-rempart","v. baudeloostr. t. goudstraat."
443,"Oude vlasmarkt","vieux marché au lin","van vrijdagmarkt tot bij s. Jacobs."
444,"Paddenhoek","rue de la crapaudière","van kalanderberg tot voldersstraat."
445,"Paallepelstraat","r. de la cuilier","v. savaanstraat t. bagattestr."
446,"Papenstraat",,"ziet priestersstraat."
447,"Palinghuizen, buiten de brugschepoort","maisons aux anguilles","van eliseesche-velden tot Mariakerke."
448,"Palingstraat","r. aux anguilles","v. fabriekpl. t. kort schipgr."
449,"Papegaaistr.","r. du perroquet","van annonciadestraat tot galgenbergstraat."
450,"Papegaaistraatje",,"ziet kleine onderstraat."
451,"Papegaaistraatje",,"buiten de dampoort, ziet Oostakkerstraat."
452,"Paradijszak","imp. du paradis","in de donkersteeg, zond eind."
453,"Parijsberg","montagne de Paris","van lammerstr. tot de schelde."
454,"Patershol",,"ziet korte kalversteeg."
455,"Pekelharing","r. du hareng-pec","van lindelei tot ijperstraat."
456,"Pelikaanstraat","rue du pelican","v. belgradestraat t. abeelstr."
457,"Penitentenstr.","r. des pénitents","v. kl. boterm. t. wolvensteeg."
458,"Pensmarkt","marché aux tripes","v. groenselmarkt t. hooiaard."
459,"Penssteeg","impasse aux tripes","op de hoogstraat, zonder eind."
460,"Pensstraat","rue aux tripes","van koornlei tot drapstraat."
461,"Peperstraat","rue du poivre","van hoogstraat tot burgstraat."
462,"Perkamentstraat","r. du parchemin","v. burgstraat tot de lei."
463,"Peterceliestraat","rue du persil","van boomstraat tot brugschen steenweg."
464,"Pharaïldeplaats",,"ziet veerleplaats."
465,"Phoenixstraat, buiten de brugschepoort","r. du phoenix, faub. de Bruges","van coupure tot brugschesteenweg."
466,"Plaisantevest","rempart de plaisance","van boulevard van het begijnhof tot klein meerhem."
467,"Plattensteeger",,"maakt deel van s. salvatorstraat."
468,"Plotte sgracht","fossé des corroyeurs","van hertogstraat tot roodekoningstraat."
469,"Pluimstraat","rue de la plume","v. tinnenpotst. t. korte zilverst."
470,"Poel","place du marais","van drapstraat tot hoogstraat."
471,"Poelmanstraat",,"ziet kleine statiestraat."
472,"Pontstraat","r. du bac","van kerkst., Gentbrugge, t. de schelde."
473,"Posthoornstraatje",,"ziet kromsteeg."
474,"Posthoornstraat","rue du cornet de poste","te Ledeberg, van brusselschesteenw. t. kerkst. en t. den dries Gentbrugge."
475,"Pouillemarkt","m. aux poulets","v. boterm. t goudenleeuwpl."
476,"Predikheerenlei","quai des dominicains","v. graslei t. hoornst."
477,"Predikheerenstraat","rue des dominicains","van predikheeren brug tot onderbergen."
478,"Priestersstraat","rue des prêtres","van s. salvatorstraat tot dok."
479,"Prinsenhof","cour du prince","van groot gewat tot rabotweg."
480,"Prinsestraat","rue du prince","van het prinsenhof tot de rabotstraat (voorgangde 1e prinsenhofzaksteeg)."
481,"Prinsensteeg of 1e prinsenhofzakstraat","impasse du prince","ziet prinsestraat. "
,"2e prinsenhofzakstraat of hofsteeg ","impasse de la cour ","in ’t prinsenhof, straat zonder eind."
482,"Prooststraat","rue du prévôt","van s. Machariusstraat tot cazematestraat."
483,"Puinstraat","rue des ruines","van boulev. Lousbergs tot boulev. van het kasteel."
484,"Quaadham",,"ziet spiegelstraat."
485,"Rabotstraat","rue du rabot","v. begijnendries t. begijnenvest."
486,"Rabotweg","passage du rabot","v prinsenhof t. begijnenvest."
487,"Raffinaderijst,","rue de la raffinerie","van waaistraat tot de lei (achterlei)."
488,"Ramstraat","rue du bélier","van hoogstraat tot burgstraat."
489,"Rapenstraat","r. des navets","v. l. violettest. t. Antheunisst."
490,"Rasphuisstraat","rue de la maison de force","van hoogstraat tot coupure (rechter oever)."
491,"Ravenstraat","rue du corbeau","van veldstraat tot de rivier (oude ajuinlei)."
492,"Recollettenlei","quai des récollets","v. oude ajuinlei t. lindelei."
493,"Recollettenplein","place du palais de justice, ou place du commerce, ancienne plaine des récollets","v. veldstraat en recollettenbrug tot ketelbrug."
494,"Reep","quai du bas-escaut","van brabantdam t. keizerkarelstr."
495,"Regattendreef","avenue des régates","van bleekersreke tot dok."
496,"Registerstraat",,"ziet rogierstraat."
497,"Regnessestraat","r. des régnesses","v. s. Jansstr. t. biezenkapel."
498,"Renodeinstraat",,"ziet hovenierstraat."
499,"Ridderstraat","r. des chevaliers","van baaisteeg t. spiegelstraat."
500,"Rietgracht",,"maakt nu deel van boulevard van het kasteel."
501,"Rietstraatje",,"ziet koolsteeg."
502,"Rioolstraat","ruelle de l'égoût","van twaalfkamersstraat tot coupure, rechter oever."
503,"Rhodscheaardeweg","chemin de Rode","v. kerkstr. t. Gentbrugge."
504,"Rogierstraat","rue du roger","van s. Pietersnieuwstraat tot s. Hubertstraat."
505,"Roigemstraat","rue de Roigem","van phoenixstraat t. geittenstraat en peterceliestraat."
506,"Rommelwater",,"ziet visscherijvest of boul. van het slachthuis."
507,"Roode koningst","r. des roitelets","v. oudburg t. kortekalversteeg."
508,"Roodelijvekensstraat","rue des filles-dieu ou des corsets-rouges","van slijpstraat tot chartreuzenstraat."
509,"Roodetorenkaai","quai de la tour rouge","van steendam tot kasteelkaai "
,"Roodetorenstraat ","r. de la tour rouge","v. kalvermerkt t. pasbrug."
510,"Roosstraat",,"ziet paradijszak."
511,"Roosendal",,"ziet kl s. Gillisstraat."
512,"Roosendalken","vallée aux roses","v. bagattestraat t. bloemstr."
513,"Roskamstraat","rue de l'étrille","v. nederpolder t. barrestraat."
514,"Rijkeclarenstraat","rue des riches claires","van s. lievenstraat tot boulevard Frère-Orban."
515,"Saliestraat","r. de la sauge","v. stoppelstraat t. 12 kamerstraat."
516,"Sasscheblindestraat","impasse du sas","in de sasschestraat."
517,"Sasschekaai","quai du sas","van de sassluis tot de sasschepoortbrug (voormuide)."
518,"Sasschepoortstraat",,"ziet voormuide."
519,"Sasschestraat","rue du sas","van voormuide tot sasschekaai."
520,"Savaanstraat","rue savaan","v. nederkouter t. walpoortbrugstr."
521,"Scheldekant","rive de l'escaut","van hundelgemschen steenweg tot brusselsche steenweg (Ledeberg)."
522,"Scheldesteeg","pass de l'escaut","v. Brabantdam t. kuiperskaai."
523,"Schepenhuisstraat","rue des échevins ou des grainiers","van hoogpoort tot onderstraat."
524,"Scheiergat","porte d'eau ou d’akkergem","van akkergemvest tot de lei."
525,"Schietspoelstraat","rue de la navette","is nettestraat (r. du fllet)."
526,"Schildstraat","rue du bouclier","v. groendreef t. brugschesteenw."
527,"Schoenlapperstraat","rue des savetiers","van langemunt, links, tot de rivier (kraanlei)."
528,"Schokkebroedersvest","rempart des Alexiens","van poel tot watergraafstraat "
,"Schoolkaai ","quai de l’école ","van de Pauwbrug tot boulevard van het kasteel."
529,"Schoolstraat","rue de l’école","van s. Machariusstr. t. cazematstr."
530,"Schouwburgstraat",,"ziet comediestraat."
531,"Schouwvagersstraat","rue des ramoneurs","v. houtlei t. holstr."
532,"Schreiboomstraat","rue de schreiboom ou d’Hebbrecht","van kortrijkschestraat tot de lei."
533,"Schuddeveestraat, op de koornmarkt, nu gesloten","rue de l’abri-bétail","van koornmarkt tot graslei."
534,"Schuddevischstraatje","rue de l’abri-poisson","zonder eind, op de groenselmarkt tusschen nrs 11 en 12."
535,"Schuur- of schuurkensstraat","rue de la grange","van stoppelbergstraat tot modenaaisteeg."
536,"Seminariestr","r. du seminaire","v. regnessenstr. t. bij s. Baafs."
537,"Serpentstraat",,"ziet wandelsteeg."
538,"S. Agneetestraat","r. s. Agnès","van lindelei t. wijngaardstraat."
539,"S. Amandplaats","place s. Amand","tusschen s. Pieterspl. en s. Amandstraat."
540,"S. Amandstr.","r. s. Amand","v. s. Pietersvrouwstr. t. heuvelstr."
541,"S. Annastraat","r. s. Anne","v. langeviolettestraat tot het begin van den boulevard Frère-Orban."
542,"S. Antoniuskaai","q s Antoine","v. academiebrug t. lievegang."
543,"S. Baafsklooster",,"ziet bij s. Baafs."
544,"S. Baafsplein","plaine s. Bavon","van bij s. Baafs tot reep."
545,"S. Baafsstraat","rue s. Bavon","van nederpolder tot bij s. Baafs. "
,"S. Barbarastraat ","rue s Barbe ","van ketelvest tot savaanstr. "
,"S Catherinastraat",,"ziet cathelijnestraat."
546,"S. Crispijnstr.","r. s. Crépin","v. wilderoosstr. t. vrouwmattenst."
547,"S. Élisabethgracht",,"ziet beggijnengracht."
548,"S. Elisabethplein",,"ziet beggijnendries."
549,"S. Élisabethsteeg","impasse s. Élisabeth","in de bloemstraat, zonder eind."
550,"S. Gillisstraat","rue s. Gilles","van slijpstraat tot s. Gillisbrug "
,"S. Hubert- of Huibrechtstraat ","rue s. Hubert ","van s. Pieters- vrouwstraat tot laurierstraat."
551,"S. Jacobsklooster",,"ziet bij s. Jacobs."
552,"S. Jacobsnieuwstraat","rue neuve s. Jacques","v. vlasmarkt tot beesten- of ossenmarkt."
553,"S. Jansdreef","avenue s. Jean","v. oudeschapenm. t. steendam."
554,"S. Janstraat","rue s. Jean","van catalognestraat tot bij s. Baafs."
555,"S. Jansvest","rempart s Jean","van kortedagsteeg t. brabandstr."
556,"S. Jorisstraat",,"ziet steendam."
557,"S. Josephstr.","r. s. Joseph","van de prooststr. t. s. Machariusstr."
558,"S. Lievensboulevard",,"ziet boulevard van s. Lieven."
559,"S. Lievensteeg",,"ziet lange krevelsteeg."
560,"S. Lievenstraat","rue s. Liévin","van langeviolettestraat tot s Lievenspoort (Ledeberg)."
561,"S. Lievensvest","remp. s. Liévin","v. muinkkaai t. dierentuindr."
562,"S. Machariusstraat","rue s. Macaire","van de Depauwbrug, spanjaardskasteel, tot prooststraat."
563,"S. Margueritest.","r s. Marguerite","v. geldmunt t. fabriekplaats."
564,"S. Martensblindeken","impasse s. Martin","op akkergemsstraat, zonder eind."
565,"S. Martenstraat","rue s. Martin","v. bestormstr. t. k. violettestr."
566,"S. Michielsplaats","place s. Michel","van koornlei en onderbergen tot s. Michielstraat."
567,"S. Michielstraat","rue s. Michel","van s. Michielsplein tot poel."
568,"S. Pharaïldeplaats",,"ziet veerleplaats."
569,"S. Pieterstraat","rue s. Pierre","van s. Pietersplein achter de kerk tot opperschelde (muinkkaai)."
570,"S. Pieters-Aalst","s. Pierre-Alost","van buiten de heuvelpoort en linker kant des kortrijkschensteenwegs tot Ledeberg, Zwijnaarde, s. Denijs en s. Pieters-Aigem."
571,"S. Pieters-Aigem","s. Pierre-Aigem","van buiten de kortrijkschepoort tot s. Pieters-Aalst, s. Denijs, Afsné en Drongen."
572,"S. Pietersnieuwstraat","rue neuve s. Pierre","van walpoortbrugstraat tot s. Pietersplein."
573,"S. Pietersplein","plaine s. Pierre","van s. Pietersnieuwstraat tot heuvelstraat."
574,"S. Pietersvrouwstraat","rue des femmes s. Pierre","van nederkouter tot s. Amandstraat."
575,"S. Salvatorstraat","rue s. Sauveur","van slijpstraat t. voormuide."
576,"Slachthuisstraat","rue de l’Abattoir","van het begin van den boulevard Lousbergs tot boulevard van ’t kasteel."
577,"Slekkenhoek","impasse des Limaçons","in de roodetorenstraat, zonder eind."
578,"Sleutelstraat","rue de la Clef","van brabantdam tot grijsberg."
579,"Sluizeken","place de l’écluse","van oudburg tot slijpstraat."
580,"Sluizekenskaai","quai de l'écluse","van tichelrij tot sluizeken."
581,"Slijpstraat","rue des remouleurs ou du remoulage","van sluizeken en korte steenstraat tot s. salvatorstraat."
582,"Spaansch hospitaalsteeg","impasse de l’hôpital espagnol","op de kalvermarkt, straat zonder eind."
583,"Spanjaardskasteel","château des Espagnols, vieille citadelle","van kasteelbrug tot aan de dampoort, tusschen de visscherij en den rietgracht, nu verdeeld in verscheidene straten."
584,"Spanjaardskasteelkaai",,"ziet kasteelkaai."
585,"Spanjaardskasteelbrugstraat",,"ziet kasteelbrugstraat."
586,"Spanjaardsstr.","r. des Espagnols","v. prooststr. t. slachthuisstr."
587,"Speldenstraat","r. des épingles","v. garenplaats t. speldenbrug."
588,"Spiegelstr.","r. du miroir","v. nederpolder t. s. Jacobsnieuwstr."
589,"Spinnersstraat","rue des fleurs","v. rooigemstraat t. weverstraat."
590,"Spijkerboorstraat","r. de la tarière","van slijpstraat tot de lei gr. meerhem."
591,"Stadhuissteeg","ruelle de l’hôtel-de-ville","van goudenleeuwplaats tot hoogpoort."
592,"Stalhof","rue des écuries","van heuvelstraat tot opperschelde (muinkkaai)."
593,"Statieplaats","rue de la station ou place ou rue du comte de Flandre","van statiestraat tot boulevaard Frère-Orban."
594,"Statiesteeg",,"ziet kleine statiestraat."
595,"Statiestraat","rue de la station","van arteveldeplein tot Lieven Bauwenplaats."
596,"Steendam","rue s. Georges ou steendam","van bij s. Jacobs tot roodetorenkaai (s. Jorisbrug)."
597,"Steenhouwersstraat","rue des tailleurs de pierre","van nieuwestraat tot langestraat, Ledeberg."
598,"Sterrestraat","rue de l’étoile","van koornmarkt tot predikheerenlei (s. Michielsbrug)."
599,"Sterrestraat, buiten de brugschepoort","rue de l’étoile, faub. de Bruges","van phoenixstraat tot zuidkaai."
600,"Sterrestraatje","petite rue de l'étoile","van kortrijkschestraat tot de lei."
601,"Steurstraat","r. de l'esturgeon","v. garenplaats tot druifsteeg."
602,"Stofstraat","r. de la poussière","v. recollettenlei t. onderbergen."
603,"Stokersstraat","r. des distillateurs","ziet ankerstraat."
604,"Stoppelbergstraat","r. mont-au-chaume","v. einde koornmarkt tot predikheerenlei."
605,"Stoppelstraat","rue du chaume","van annonciadenstraat tot Waarschootstraat."
606,"Stovesteeg","impasse du pole","op de beestenmarkt, z. eind."
607,"Straat zonder eind","r. sans fin","recht. kant langemunt, z. eind."
608,"Struifstraat","r. de l'omelette","v. engelandgat t. bestormstraat."
609,"Stuksken","rue de la pièce","v. zakkebandstr. t. koepoortkaai."
610,"Tavernierstraat",,"ziet zeugesteeg."
611,"Tempelhof ","rue des templiers ","van s. Margueritestraat tot lang schipgracht."
612,"Terneuschelaan","avenue de Terneuzen","van de sasschepoortbrug, buitenmuide tot meulestedeburg."
613,"Terplaten",,"ziet oude molenaarstraat."
614,"Theresianenstraat","rue des Thérésiennes","van holstraat tot coupure, rechter oever."
615,"Tichelrei","quai des tuileries","van sluizekenskaai tot roodelijvekenskaai (chartreuzenbrug)."
616,"Tinnepotstraat","r. dupot-d'étain","v. gr. gewat t. kortezilverstr."
617,"Tjooremaatjesmeersch",,"ziet Leopoldstraat, enz."
618,"Toevluchtstraat","rue du refuge","v. regnessestr. t. nederpolder."
619,"Tolhuiskaai",,"ziet nijverheidskaai."
620,"Tooveresstraat","r. des sorcières","ziet kl. binnenweg, Ledeberg."
621,"Turnerstraat",,"b. de keizerspoort, ziet pontstraat."
622,"Tusschen ’t pas",,"ziet roodetorenstraat."
623,"Twaalfkamersstraat","rue des douze chambres","van annonciadenstraat tot coupure, rechter oever."
624,"Twijndersstraat","rue des retordeurs","v. steurstr., zonder eind."
625,"Ukkelram",,"ziet belgradestraat."
626,"Universiteitstraat",,"ziet voldersstraat."
627,"Ursulinenstr.","r. des ursulines","v. zandberg t spiegelstraat."
628,"Vaarstraat","rue du canal","van bleekersreke tot dok."
629,"Valkstraat","rue du faucon","van veldstraat tot de rivier (oude ajuinlei)."
630,"Van Caneghemstraat","rue Van Caneghem","van groenstraat tot huidevetterken."
631,"Vandenbruggendoorgang","passage Vandenbruggen","v. statieplaats tot visscherij."
632,"Vanderdonckt's doorgang","passage Vanderdonckt","v. brabantdam tot statiestraat."
633,"Vanderdoncktgalerij",,"ziet Vanderdonckt's doorgang."
634,"Van Geertstraat","rue van Geert","Ledeberg, van brusselschesteenweg tot posthoornstraat."
635,"Van Lokerenstraat","rue Van Lokeren","Ledeberg, van brusselschesteenweg tot steenhouwersstraat."
636,"Van Wittenberghestraat","rue Van Wittenberghe","van rabotstraat tot boulev. van het begijnhof."
637,"Veerdamstraat",,"ziet drongenhof."
638,"Veerstraat","rue du ponton","van keizerkarelstraat tot nederschelde (visscherij)"
639,"Veergrepstraat","passage du ruisseau","van kortrijkschestraat tot de lei."
640,"Veerleplaats","place ste Pharaïlde","v. kraanlei t. hoogezonnestr."
641,"Veldstraat","rue des champs","v. koornmarkt t. recollettenplein."
642,"Vera-Paz",,"ziet sasscheblindestraat."
643,"Verguldenhoofdstraat",,"ziet druifsteeg."
644,"Verkensstraat","r. des cochons","v. pluimstr. t. korte zilverstr."
645,"Verlorenbroodstraatje","rue du pain perdu","van nederkouter tot coupure, linker oever."
646,"Verplanckestraat",,"ziet Waarschootstraat."
647,"Verspeyenstraat","r. Verspeyen","v. rabotstraat t. begijnenvest."
648,"Vervaekestraat","rue Vervaeke","is en deel van de voormuide."
649,"Vilderstraat",,"ziet kouterdreef."
650,"Violettenlei","quai des violettes","van houtlei t. annonciadenstr."
651,"Violettenstraat","rue des violettes","v. brabantdam t. vijfwindgatbrug."
652,"Visscherij","quai de la pêcherie","van tusschen de pas- en roodetorenbrug tot de Willembrug."
653,"Visscherij, linker oever","pêcherie, rive gauche","ziet boulevard Lousbergs."
654,"Visscherij",,"rechter oever, ziet visscherij."
655,"Visscherijvest of rommelwater","rempart de la pêcherie","ziet boulevard van het slachthuis."
656,"Vlasmarkt","marché au lin","v. bij s Jacobs t. s. Jacobsnieuwst."
657,"Vlasstraat","rue du lin","van leistraat tot kroonstraat."
658,"Voetweg","rue du sentier","van muinkbrugstr. tot heuvelstraat."
659,"Vogelmarkt","marché aux oiseaux","v. brabantstraat tot kouter."
660,"Vogelenzangk.","q. du ramage","v. molenaarstr. t geuzenberg."
661,"Voldersstraat","rue des foulons, des jésuites ou de l'université","van kalanderstraat tot veldstraat."
662,"Volmolenplaats","place du moulin à foulon","van roodetorenstraat tot nederschelde (aan de pasbrug)."
663,"Voormuide","rue voormuide","van s salvatorstr. t. buitenmuide."
664,"Vossenstraat","r. du renard","v. brugschesteenweg t. roigemstr."
665,"Vredestraat","rue de la paix","van wollestraat tot Leopoldstr."
666,"Vreesebeluik","cité Devreese, cité ouvrière","ziet Devreesebeluik."
667,"Vrouwenstraat",,"ziet s. pietersvrouwstraat."
668,"Vrouwenstraat",,"ziet lange wijngaardstraat."
669,"Vrouwmattestraat","rue des gardes-couches","van onderbergen tot engelandgat."
670,"Vrijdagmarkt","marché du vendredi","van grootkanonplaats tot oude vlasmarkt."
671,"Vrijheidstraat",,"ziet oranjeberg."
672,"Vijfwindgatstraat","rue des cinq vannes ou cinq-vents","van lange violettestraat tot boulevard Frère-Orban."
673,"Waaistraat","rue aux vents","van vrijdagmarkt t. garenplaats."
674,"Waarschootstraat","r. Waarschoot","v. ijperstraat t. stoppelstr."
675,"Wagemans- of Wagenaarstraat",,"ziet zwartezusterstraat."
676,"Walpoortbrugstraat","rue du pont-madou","van kortedagsteeg tot s pietersnieuwstraat."
677,"Wandelsteeg","rue de la promenade ou du serpent","van onderstraat tot kammersstraat, vrijdagmarkt "
,"Wapenplaats ","place d'armes","ziet kouter."
678,"Waterstraatje","ruelle de l'eau","op s. pietersnieuwstraat, eerste straat zonder eind, links."
679,"Waterpoort",,"ziet scheiergat."
680,"Watergraafstr","r. watergraaf","v. s. michielstr. t. engelandgat."
681,"Weezenstraat","r. des orphelins","v. barrest. t oude ossenmarkt."
682,"Weidestraat","rue du pâturage","van antwerpschesteenweg, s Amandsberg, tot weldadgheidistraat."
683,"Weldadigheidstraat","rue de la bienfaisance","Ledeberg, van hundelgemschesteenweg tot snottemuilstr., Gentbrugge."
684,"Weldadigheidstraat","rue de la Bienfaisance","v. antwerpschen steenweg tot meerschkantstr., s. amandsberg."
685,"Wellinckstraat","rue Wellink","van houtlei tot holstraat."
686,"Werkhuisstraat","r. de l’atelier","v. drongenscheweg t. leikaai."
687,"Werregarenstraat","r. du fil-tors","v. hoogpoort tot onderstraat. "
,"Weversstraat ","rue des tisserands  ","v brugschesteenweg tot roigemstraat."
688,"Wilderoosstr.","r. de l’églantine","v. onderbergen t. engelandgat."
689,"Willem Tellstraat","rue Guillaume Tell","van bagattestraat tot kalkstraat."
690,"Winkelsteeg","rue des boutiques","v. kleine beenhouwerstraat tot sleutelstraat."
691,"Wollestraat","rue aux laines","van dok tot dampoortstraat."
692,"Wolvensteeg","rue aux loups","v. vrijdagmarkt t. baudeloolei."
693,"Wolvenstraat","rue des loups","ziet kleine bellevuestraat."
694,"Wijngaardstraat","r. de la vigne","v. pekelharing t ijperstraat."
695,"IJkstraat","rue des jaugeurs","van s. Jansdreef tot het water."
696,"IJpersteeg","passage d’Ypres","v. ijperstr. t. coupure, recht. oever."
697,"IJperstraat","rue d'Ypres","v. violettelei tot coupure."
698,"IJzerstraat","rue du fer","van weverstraat tot roigemstraat."
699,"Zandsteeg",,"ziet schepenhuisstraat."
700,"Zaaimansstraat","rue des semeurs","van s. Margueritestraat tot kort schipgracht."
701,"Zagermansstr.","r. des scieurs","v. kortedagsteeg t. s jansvest."
702,"Zakkebandstraat","rue aux liens","v. koepoortkaai t. stuksken."
703,"Zandberg","place du sablon","v. einde hoogpoort t. koningstr."
704,"Zeugesteeg","rue aux truies","van plottersgracht t. geldmunt."
705,"Zeurzaksteeg","rue des tricheurs","ziet appelbrugstraat."
706,"Zilverstraat","rue d'argent","van beestenmarkt t. kalvermarkt."
707,"Zomerstraat",,"ziet de somerstraat."
708,"Zonder eindestraat",,"ziet straat zonder eind."
709,"Zonnestraat","rue du soleil","van kouter tot recollettenplein."
710,"Zoutstraat","rue du sel","van nederkouter tot de lei (lindelei)."
711,"Zuidkaai, b. de brugschepoort","quai du sud, faub. de Bruges","van phoenixstraat tot groendreef."
712,"Zuivelsteeg","rue du laitage","van zuivelbrugstr. tot vrijdagm."
713,"Zuivelbrugstraat","rue du pont du laitage","van zuivelsteeg tot oudburg."
714,"Zwaanstraat","rue du cygne","v. oudburg t. korte kalversteeg."
715,"Zwaluwensstraat","r. des hirondelles","v. roigemstraat t. leikaai."
716,"Zwartezustersstraat","rue des soeurs noires ou des charretiers","van onderbergen tot struifsteeg."
717,"Zweerdsteeg","impasse du glaive","van brabantdam tot de schelde, zonder eind."
718,"Academiebrug","pont de l’académie","tusschen de academiestraat en de lievekaai."
719,"Aardewegbrug","pont du chemin de terre","op de noordkaai, buiten de brugschepoort."
720,"Antwerpschepoortbrug","pont de la porte d'Anvers","tusschen de dampoortstraat en den antwerpschesteenweg."
721,"Appelbrug","pont aux pommes","tusschen de appelbrugstraat en de breidelsteeg."
722,"Bargiebrug","pont de la barque","tusschen de noordkaai en de phoenixstraat (brugschepoort)."
723,"Baudeloobrug of bibliotheekbrug","pont de baudeloo ou de la bibliothêque","tusschen de kl. botermten de baudeloolei."
724,"Berouwbrug","pont du repentir","in de berouwstraat."
725,"Bestormbrug","pont d'assaut","tusschen de bestormstraat en de violettelei."
726,"Brugschepoortbrug","pont de la porte de Bruges","tusschen de brugschepoortstraat en de noordkaai."
727,"Bijlokebrug",,"van boulev. der bijloke tot citadelstraat."
728,"Chartreuzenbrug","pont des chartreux","tusschen de roodelijvekensstraat en de chartreuzenstraat."
729,"Dampoortbrug",,"ziet antwerpschepoortbrug."
730,"Depauwbrug",,"ziet kasteelbrug."
731,"Driegatenbrug","pont des trois vannes","tusschen de coupure en de phoenixstraat."
732,"Entrepôtbrug","pont de l'entrepôt","tusschen de lindelei en de coupure, linker oever."
733,"Grasbrug","pont aux herbes","tusschen de gras- en de koornlei."
734,"Grendelgatbrug","pont du verrou","op de kleine bleekersreke."
735,"Halsbrekerssbrug","pont du casse-cou","tusschen de s. salvatorstraat en het groot meerhem."
736,"Hoofdbrug",,"ziet onthoofdbrug."
737,"Huidevettersbrugsken","pont des tanneurs","tusschen het huidevetterken en de slijpstraat."
738,"Kasteelbrug of Depauwbrug","pont du château ou Depauw","tusschen de kasteelkaai en s. machariusstraat."
739,"Kernmelkbrug","pont du lait battu","tusschen het s. jacobsklooster en het steendam."
740,"Ketelpoortbrug","pont des chaudronniers ou des bastions","tusschen het recollettenplein en den nederkouter."
741,"Kleine oudescheldebrug","pont du vieil escaut","tusschen de kl. kuipersstraat en de kuiperskaai."
742,"Koepoortbrug","p. de la porte aux vaches","op de koepoortkaai."
743,"Kombrug","pont du bassin","tusschen de kalvermarkt en de roodetorenstraat."
744,"Kriekerijbrug","pont de la cérisaie","in het kriekerijstraatje."
745,"Lievebrug","pont de la lieve","tusschen de lievestraat en de lievekaai."
746,"Marcellisbrug of ijzerenbrug","pont Marcellis ou en fer","tusschen de lammerstraat en de Lieven Bauwensplaats."
747,"Meerschbrug","pont du pré","op den geuzenberg."
748,"Meulestedebrug","pont de Meulestede","tusschen Meulestede en Wondelgem."
749,"Minnemeerschbrug","pont du pré d'amour","tusschen de minnemeerschplaats en de huidevetterskaai (nieuwland)."
750,"Muidebrugsken","pont de la rue du sas","tusschen de slijpstraat en de s. salvatorstraat."
751,"Muink- of monnikbrug","pont des moines","tusschen de muinkbrugstraat en de muinkkaai."
752,"Nieuwbrug","pont neuf","tusschen de s. jacobsnieuwstraat en de keizerkarelstraat."
753,"Nieuwe sluisbrug","pont de la nouv. écluse","op de sasschekaai."
754,"Nieuwe vaartbrug",,"aan de palingshuizen over de verbindingsvaart naar den dok leidende."
755,"Nieuwe wandelingbrug","pont de la nouvelle promenade","tusschen de contributiestraat en de nieuwe wandeling."
756,"Oliebrugsken","pont de l'huile","in het oliestraatje."
757,"Onthoofdbrug","pont de l'exécution","tusschen de hoogezonnestraat en de burgstraat."
758,"Oordeelbrug","pont du jugement","tusschen de recollettenlei en de lindelei."
759,"Ottergembrug","pont d'Ottergem","nieuwe brug op de Schelde aan den ijzeren weg, bij s. lievenspoort."
760,"Oude brugschepoortbrug","pont de l’ancienne porte de Bruges","tusschen de driegatenbrug en de phoenixstraat en leikaai."
761,"Oude scheldebrug","pont du vieil escaut","van de muinkkaai naar s. lievensvest."
762,"Oude scheldebrug of s. lievensvestbrug","pont du rempart s. Liévin","tusschen s. lievenstraat en Ledeberg."
763,"Papenbrugsken","pont des prêtres","in de priestersstraat."
764,"Pasbrug","pont du pas","tusschen de roodetorenstraat en de visscherij."
765,"Plattesteegerbrug","pont de l'escalier","tusschen de s. salvatorstraat en het groot meerhem."
766,"Poelmansbrug","pont Poelman","in de kleine statiestraat."
767,"Predikheerenbrug","pont des dominicains","tusschen de hoornstraat en de predikheerenstraat."
768,"Rabotbrug","pont du rabot","tusschen de begijnen- en de plaisanteboulevards."
769,"Rakenbrug","pont du râteau","tusschen het kortschipgracht en de chartreuzenstraat."
770,"Rasphuisbrug","pont de la maison de force","tusschen den rechter en linker oever der coupure, aan de rasphuisstraat."
771,"Recollettenbrug","pont des récollets","tusschen het recollettenplein en kort onderbergen."
772,"Roodetorenbrug","pont de la tour rouge","tusschen de visscherij en de roodetorenkaai."
773,"Rozemarijnbrug","pont du romarin","tusschen den rechter en linker oever der coupure aan de twaalfkamersstraat."
774,"Sasschepoortbrug","pont de la porte du sas","tusschen de voormuide en de buitenmuide."
775,"S. Gillisbrug","pont s. Gilles","tusschen de s. Gillisstraat en de chartreuzenstraat."
776,"S. Jansbrug","pont s. Jean","tusschen de oude schaapmarkt en de s. jansdreef."
777,"S. Jorisbrug","pont s. Georges","tusschen het steendam en de roodetorenkaai."
778,"S. Michielsbrug","pont s. Michel","tusschen de sterrestraat en de koornlei, aan s. Michielskerk."
779,"Sleuteelkensbrug","pont des petites clefs","tusschen de ange steenstraat en de korte steensstraat."
780,"Sluizekensbrug","pont des écluses","tusschen de oudburg en het sluizeken."
781,"Stukbrug","pont de la pièce","tusschen de apostelstraat en het stuksken."
782,"Tichelreibrug","pont des tuileries","op de tichelrei."
783,"Tolhuisbrug","pont du péage","tusschen de plaisantevest en het klein meerhem."
784,"Torenbrug","pont de la tour ou de Thourout","tusschen den poel en de hoogstraat."
785,"Verbindingsbrug n° 1","pont de raccordement n° 1","de eerste ten einde der Vanderbruggensteeg"
,"Verbindingsbrug n° 2","pont de raccordement n° 2","de 2de van den rechter oever der visscherij tot boulevard van het kasteel"
,"Verbindingsbrug n° 3","pont de raccordement n° 3","en de 3de van het spanjaardskasteel naar de kasteelbrugkaai."
786,"Verlorenbroodbrug","pont du pain perdu","tusschen de verlorenbroodstraat en de coupure, linker oever."
787,"Visscherijbrug","pont de la pêcherie","tusschen de visscherij en de roodetorenkaai."
788,"Visscherijkombrug","pont du bassin de la pêcherie","tusschen den rechter oever der visscherij en boulevard Lousbergs aan het keizerssas."
789,"Vleeschhuisbrug","pont de la boucherie","tusschen de groenselmarkt en de kleine vischmarkt."
790,"Vijfwindgatbrug","pont des cinq vannes","tusschen de lange violettestraat en de keizer- en s. Lievenstraat."
791,"Walpoortbrug","pont madou","tusschen de kortedagsteeg en de walpoortbrugstraat."
792,"Watermolenbrug","pont du moulin à eau","tusschen de brabantstraat en den brabantdam."
793,"Willemsbrug","pont Guillaume","tusschen de visscherij en de keizerstraat."
794,"Wijngaardbrug","pont de la vigne","tusschen het s. Baafsplein en den reep."
795,"Zaatbrug","pont du chantier","tusschen het groot meerhem en het klein meerhem."
796,"Zottepoortbrug","pont aux folles","tusschen de korte violettestraat en de annonciadestraat."
797,"Zuivelbrug","pont du laitage","tusschen de zuivelsteeg en de zuivelbrugstraat (oudburg)."
